Workbook
Name ACTION: #REF!
Name ACTION: #REF!

Sheet Cover
B2: INTEGRATION TEST REPORT DOCUMENT
A4: Project Name | B4: LearnHub | E4: Creator | F4: KienLC
A5: Project Code | E5: Issue Date | F5: 2026-10-03
A6: Document Code | B6: =B5&"_"&"XXX"&"_"&"vx.x" -> _XXX_vx.x | E6: Version | F6: 1.0.0
A9: Record of change
A10: Effective Date | B10: Version | C10: Change Item | D10: *A,D,M | E10: Change description | F10: Reference
A11: 46298 | B11: 1.0.0 | C11: Authentication, Home Page | D11: A | E11: Added 13 integration test cases covering AuthServlet, session management, EmailUtil, UserService, PasswordHashUtil, DAOs (SettingDAO, UserDAO), and Google Callback flow and Added 2 integration test cases to verify Home Page functionality, UI rendering, and data retrieval. | F11: Software Requirement Specification (SRS), Software Design Specification (SDS)
A12: 46299 | B12: 1.0.0 | C12: Lesson Management | D12: A | E12: Added 20 integration test cases to verify Lesson Management functionality and related data flows. | F12: Software Requirement Specification (SRS), Software Design Specification (SDS)
A13: 46299 | B13: 1.0.0 | C13: Admin dashboard & Course lists/details | D13: A | E13: Added 16 integration test cases covering Admin Dashboard features, course listings, and course details management. | F13: Software Requirement Specification (SRS), Software Design Specification (SDS)
A14: 46299 | B14: 1.0.0 | C14: Course Browsing | D14: A | E14: Added 22 integration test cases to verify course browsing flows, including viewing course lists (/courses), course details, and the checkout/enrollment process. | F14: Software Requirement Specification (SRS), Software Design Specification (SDS)
A15: 46299 | B15: 1.0.0 | C15: Quiz&Question Management | D15: A | E15: Added 23 integration test cases for Expert's Quiz and Question management, covering CRUD operations, search/filter, answer options, data validation, and access control. | F15: Software Requirement Specification (SRS), Software Design Specification (SDS)

Sheet Test Cases
D1: TEST CASE LIST
B3: Project Name | D3: LearnHub
B4: Project Code
B5: Test Environment Setup Description | D5: 1. Server: Apache Tomcat 10.1+ (Jakarta Servlet 6.0, JDK 17), URL: http://localhost:8080/learnhub/ 2. Database: PostgreSQL 14+ (Port 5432, Database: courson_db, default schema & seed data) 3. Web Browser: Google Chrome (Latest), Mozilla Firefox / Microsoft Edge 4. Email Testing: SMTP Server 5. Test Accounts: - Admin: admin / admin - Manager: manager / manager - Expert: expert / expert - Student: student / student - Seeded unverified/inactive accounts for token and state transition tests.
B8: No | C8: Function Name | D8: Sheet Name | E8: Description | F8: Pre-Condition
B9: 1 | C9: User Register | D9: Authentication
B10: 2 | C10: Password Reset | D10: Authentication
B11: 3 | C11: User Login | D11: Authentication
B12: 4 | C12: Google Callback | D12: Authentication
B13: 5 | C13: Home Page | D13: Home Page
B14: 6 | C14: Expert Dashboard | D14: Lesson Management
B15: 7 | C15: Lesson Manage | D15: Lesson Management
B16: 8 | C16: Lesson Detail | D16: Lesson Management
B17: 9 | C17: Admin dashboard | D17: Admin dashboard & Course lists/details
B18: 10 | C18: User lists | D18: Admin dashboard & Course lists/details
B19: 11 | C19: User details | D19: Admin dashboard & Course lists/details
B20: 12 | C20: Public course list | D20: Course Browsing
... B26: 18 | C26: Question detail | D26: Quiz&Question Management

Sheet Test Statistics
B1: INTEGRATION TEST STATISTICS
B3: Project Name | C3: LearnHub | E3: Creator | H3: KienLC
B4: Project Code | E4: Reviewer/Approver
B5: Document Code | E5: Issue Date | H5: 46091
B6: Notes
B10: No | C10: Module code | D10: Passed | E10: Failed | F10: Pending | G10: N/A | H10: Number of test cases
B11: 1 | C11: ='Lesson Management'!B2 -> Lesson Management | D11: ='Lesson Management'!B6 -> 15 | E11: ='Lesson Management'!C6 -> 3 | F11: ='Lesson Management'!D6 -> 0 | G11: ='Lesson Management'!E6 -> 0 | H11: ='Lesson Management'!B4 -> 20
B12: 2 | C12: ='Quiz&Question Management'!B2 -> Quiz & Question Management | D12: ='Quiz&Question Management'!B6 -> 17 | E12: ='Quiz&Question Management'!C6 -> 3 | F12: ='Quiz&Question Management'!D6 -> 0 | G12: ='Quiz&Question Management'!E6 -> 0 | H12: ='Quiz&Question Management'!B4 -> 23
B13: 3 | C13: Authentication | D13: 13 | E13: 0 | F13: 0 | G13: 0 | H13: 13
B14: 4 | C14: Home Page | D14: 2 | E14: 0 | F14: 0 | G14: 0 | H14: 2
B15: 5 | C15: Admin dashboard & Course lists/details | D15: 14 | E15: 0 | F15: 0 | G15: 0 | H15: 14
B16: 6 | C16: Course Browsing | D16: 19 | E16: 0 | F16: 0 | G16: 0 | H16: 22
B17: 7 | C17: Course Browsing | D17: 20 | E17: 0 | F17: 0 | G17: 0 | H17: 20
C18: Sub total | D18: =SUM(D9:D17) -> 100 | E18: =SUM(E9:E17) -> 6 | F18: =SUM(F9:F17) -> 0 | G18: =SUM(G9:G17) -> 0 | H18: =SUM(H9:H17) -> 114
C20: Test coverage | E20: =(D18+E18)*100/(H18-G18) -> 92.982456 | F20: %
C21: Test successful coverage | E21: =D18*100/(H18-G18) -> 87.719298 | F21: %

Sheet Authentication
A2: Feature | B2: Authentication | S2: Passed
A3: Test requirement | B3: Integration across AuthServlet, session, EmailUtil, UserService, PasswordHashUtil, SettingDAO and UserDAO. And Google Callback flow | S3: Failed
A4: Number of TCs | B4: =COUNTA($B$12:$B$1000) -> 13 | S4: Pending
A5: Testing Round | B5: Passed | C5: Failed | D5: Pending | E5: N/A | S5: N/A
A6: Round 1 | B6: =COUNTIF($F$12:$F$1000,B$5) -> 11 | C6: =COUNTIF($F$12:$F$1000,C$5) -> 2 | D6: =COUNTIF($F$12:$F$1000,D$5) -> 0 | E6: =COUNTIF($F$12:$F$1000,E$5) -> 0
A7: Round 2 | B7: =COUNTIF($I$12:$I$1000,B$5) -> 9 | C7: =COUNTIF($I$12:$I$1000,C$5) -> 4 | D7: =COUNTIF($I$12:$I$1000,D$5) -> 0 | E7: =COUNTIF($I$12:$I$1000,E$5) -> 0
A8: Round 3 | B8: =COUNTIF($L$12:$L$1000,B$5) -> 13 | C8: =COUNTIF($L$12:$L$1000,C$5) -> 0 | D8: =COUNTIF($L$12:$L$1000,D$5) -> 0 | E8: =COUNTIF($L$12:$L$1000,E$5) -> 0
A10: Test Case ID | B10: Test Case Description | C10: Test Case Procedure | D10: Expected Results | E10: Pre-conditions | F10: Round 1 | G10: Test date | H10: Tester | I10: Round 2 | J10: Test date | K10: Tester | L10: Round 3 | M10: Test date | N10: Tester | O10: Defect IDs | P10: Note
A11: User Register
A12: IT-REG-01 | B12: Registration request creates pending session and sends email | C12: 1. POST valid new identity to /auth/register. 2. Read test inbox and inspect account storage. | D12: EmailUtil sends one six-digit code; pending registration belongs to the HTTP session; UserDAO has no new row before verification. | E12: SMTP test inbox; unique identity; database query access. | F12: Passed | G12: Passed | H12: Passed | I12: Failed | J12: Passed | K12: Passed | L12: Passed
A13: IT-REG-02 | B13: Verification creates active Student through service and DAOs | C13: 1. Complete IT-REG-01. 2. POST valid code to /auth/verify-email. 3. Inspect user and role tables. | D13: UserService selects Student role via SettingDAO and inserts one active user via UserDAO with a BCrypt password hash. | E13: Pending registration; ROLE_STUDENT setting exists. | F13: Passed | G13: Passed | H13: Passed | I13: Passed | J13: Passed | K13: Passed | L13: Passed
A14: IT-REG-03 | B14: Duplicate identity blocks downstream insert | C14: 1. POST registration with existing email or username. 2. Compare user row count before and after. | D14: UserService/UserDAO detect the duplicate; no verification email or extra user row is produced. | E14: Existing user fixture; SMTP test inbox; database query access. | F14: Passed | G14: Passed | H14: Passed | I14: Passed | J14: Passed | K14: Passed | L14: Passed
A15: Password Reset
A16: IT-RESET-01 | B16: Reset request integrates lookup, email and session | C16: 1. POST existing email to /auth/forgot-password. 2. Inspect test inbox and current user password hash. | D16: User lookup succeeds, EmailUtil sends a code, pending reset stays in session; stored password hash is unchanged. | E16: Existing Student; SMTP test inbox; database query access. | F16: Failed | G16: Passed | H16: Passed | I16: Failed | J16: Passed | K16: Passed | L16: Passed
A17: IT-RESET-02 | B17: Verified code updates hash used by subsequent login | C17: 1. Submit the valid reset code. 2. POST a new password. 3. Query user hash; attempt old/new login. | D17: UserService hashes the new password and UserDAO updates the row; old login fails, new login succeeds; reset authorization is cleared. | E17: Same session as reset request; current code. | F17: Passed | G17: Passed | H17: Passed | I17: Passed | L17: Passed
A18: IT-RESET-03 | B18: Invalid code cannot update the password | C18: 1. Request reset. 2. Submit a wrong or expired code. 3. Compare stored hash and login behavior. | D18: No verified-reset session state is set; UserDAO password remains unchanged and existing password still works. | E18: Existing account; controlled invalid/expired code. | F18: Passed | G18: Passed | H18: Passed | I18: Passed | L18: Passed
A19: User Login
A20: IT-LOGIN-01 | B20: Credentials integrate DAO lookup, BCrypt and session | C20: 1. POST valid active Student credentials to /auth/login. 2. Follow redirect and inspect session. | D20: UserDAO finds the account, PasswordHashUtil verifies hash, and AuthServlet records currentUser/userRole in session before /home. | E20: Active Student with BCrypt password hash. | F20: Passed | G20: Passed | H20: Passed | I20: Failed | L20: Passed
A21: IT-LOGIN-02 | B21: Bad credentials or inactive user cannot create session | C21: 1. POST wrong password; repeat for inactive account. 2. Request a protected /learn/* route. | D21: Login stays unauthenticated and protected route redirects to login. | E21: Active and inactive Student fixtures; protected URL. | F21: Passed | G21: Passed | H21: Passed | I21: Passed | L21: Passed
A22: Google Callback
A23: IT-GOOGLE-01 | B23: OAuth start stores state and builds Google authorization URL | C23: 1. GET /auth/oauth/google. 2. Inspect redirect URL and session state. | D23: OAuthServlet stores provider state; OAuthService builds Google URL with matching state, redirect URI and openid/email/profile scopes. | E23: Configured Google client ID, secret and callback URI. | F23: Passed | G23: Passed | H23: Passed | I23: Passed | L23: Passed
A24: IT-GOOGLE-02 | B24: New verified Google profile creates account and session | C24: 1. Complete Google OAuth with new verified email. 2. Inspect user row and session after callback. | D24: OAuthService exchanges code, fetches verified profile, inserts one active Student with google_user_id; OAuthServlet sets currentUser and redirects home. | E24: Google test client or provider stub; ROLE_STUDENT setting; database query access. | F24: Passed | G24: Passed | H24: Passed | I24: Failed | L24: Passed
A25: IT-GOOGLE-03 | B25: Existing matching email is linked without duplicate user | C25: 1. Seed active LearnHub user with verified Google email but no Google ID. 2. Complete callback. 3. Compare user count and provider ID. | D25: resolveAccount links google_user_id to the existing row; no duplicate account is inserted; session uses that user. | E25: Active existing user; verified Google profile; database query access. | F25: Failed | G25: Passed | H25: Passed | I25: Passed | L25: Passed
A26: IT-GOOGLE-04 | B26: Invalid state stops provider and database operations | C26: 1. Begin Google OAuth. 2. Invoke callback with mismatched state. 3. Inspect provider-stub calls and user records. | D26: Callback rejects before fetchProfile/resolveAccount; no token exchange, account mutation or authenticated session occurs. | E26: Controlled callback/provider stub and database snapshot. | F26: Passed | G26: Passed | H26: Passed | I26: Passed | L26: Passed
A27: IT-GOOGLE-05 | B27: Unverified or inactive Google account is rejected | C27: 1. Return email_verified=false; repeat with linked inactive user and verified email. 2. Inspect account/session state. | D27: Unverified profile is rejected before account resolution; inactive linked account is rejected before session creation; no new active login. | E27: Provider stub; inactive linked account fixture. | F27: Passed | G27: Passed | H27: Passed | I27: Passed | L27: Passed

Sheet Home Page
A2: Feature | B2: Home Page | S2: Passed
A3: Test requirement | S3: Failed
A4: Number of TCs | B4: =COUNTA($B$12:$B$1000) -> 2 | S4: Pending
A5: Testing Round | B5: Passed | C5: Failed | D5: Pending | E5: N/A | S5: N/A
A6: Round 1 | B6: =COUNTIF($F$12:$F$1000,B$5) -> 2 | C6: =COUNTIF($F$12:$F$1000,C$5) -> 0 | D6: =COUNTIF($F$12:$F$1000,D$5) -> 0 | E6: =COUNTIF($F$12:$F$1000,E$5) -> 0
A7: Round 2 | B7: =COUNTIF($I$12:$I$1000,B$5) -> 2 | C7: =COUNTIF($I$12:$I$1000,C$5) -> 0 | D7: =COUNTIF($I$12:$I$1000,D$5) -> 0 | E7: =COUNTIF($I$12:$I$1000,E$5) -> 0
A8: Round 3 | B8: =COUNTIF($L$12:$L$1000,B$5) -> 2 | C8: =COUNTIF($L$12:$L$1000,C$5) -> 0 | D8: =COUNTIF($L$12:$L$1000,D$5) -> 0 | E8: =COUNTIF($L$12:$L$1000,E$5) -> 0
A10: Test Case ID | B10: Test Case Description | C10: Test Case Procedure | D10: Expected Results | E10: Pre-conditions | F10: Round 1 | G10: Test date | H10: Tester | I10: Round 2 | J10: Test date | K10: Tester | L10: Round 3 | M10: Test date | N10: Tester | O10: Defect IDs | P10: Note
A11: Home Page
A12: IT-HOME-01 | B12: Guest Home combines public course and category data | C12: 1. Seed active categories and public courses. 2. GET /home without a session. 3. Inspect rendered sections. | D12: HomeServlet obtains active categories and up to six public featured courses from services and forwards them to home.jsp. | E12: Guest; seeded category and course records. | F12: Passed | G12: Passed | H12: Passed | I12: Passed | J12: Passed | K12: Passed | L12: Passed
A13: IT-HOME-02 | B13: Empty repository results render the guest Home safely | C13: 1. Use isolated empty active-category/public-course data. 2. GET /home. | D13: Service empty lists reach JSP; page renders its empty states instead of a server error. | E13: Isolated empty-data fixture; Guest. | F13: Passed | G13: Passed | H13: Passed | I13: Passed | J13: Passed | K13: Passed | L13: Passed

Sheet Lesson Management
A2: Feature | B2: Lesson Management | S2: Passed
A3: Test requirement | S3: Failed
A4: Number of TCs | B4: =COUNTA(A12:A1012) -> 20 | S4: Pending
A5: Testing Round | B5: Passed | C5: Failed | D5: Pending | E5: N/A | S5: N/A
A6: Round 1 | B6: =COUNTIF($F10:$F1010,B5) -> 15 | C6: =COUNTIF($F10:$F1010,C5) -> 3 | D6: =COUNTIF($F10:$F1010,D5) -> 0 | E6: =COUNTIF($F10:$F1010,E5) -> 0
A7: Round 2 | B7: =COUNTIF($I10:$I1010,B5) -> 14 | C7: =COUNTIF($L10:$L1010,C5) -> 0 | D7: =COUNTIF($L10:$L1010,D5) -> 2 | E7: =COUNTIF($F10:$F1010,E5) -> 0
A8: Round 3 | B8: =COUNTIF($L10:$L1010,B5) -> 16 | C8: =COUNTIF($L10:$L1010,C5) -> 0 | D8: =COUNTIF($L10:$L1010,D5) -> 2 | E8: =COUNTIF($F10:$F1010,E5) -> 0
A10: Test Case ID | B10: Test Case Description | C10: Test Case Procedure | D10: Expected Results | E10: Pre-conditions | F10: Round 1 | G10: Test date | H10: Tester | I10: Round 2 | J10: Test date | K10: Tester | L10: Round 3 | M10: Test date | N10: Tester | O10: Defect IDs | P10: Note
A11: Expert Dashboard
A12: TC-ED-001 | B12: Display the Expert dashboard correctly | C12: 1. Log in as the Expert. 2. Open /expert/dashboard. 3. Check the cards and assigned-course table. | D12: Assigned courses are displayed with correct titles, categories, module counts, lesson counts and statuses. Manage Content is available for each course. | E12: The Expert has assigned courses with known data. | F12: Failed | I12: Pending | L12: Pending
A13: TC-ED-002 | B13: Search courses with a matching keyword | C13: 1. Open the page containing Java Web. 2. Enter java in Search courses. 3. Clear the search field. | D13: Matching course-title rows remain visible. Clearing the field restores the current-page rows. | E13: Java Web is displayed on the current dashboard page. | F13: Failed | I13: Passed | L13: Passed
A14: TC-ED-003 | B14: Search courses with no matching keyword | C14: 1. Open the dashboard. 2. Enter zzzz_no_match in Search courses. | D14: No current-page course rows are visible. The page remains usable. | E14: No displayed course title contains zzzz_no_match. | F14: Passed | I14: Passed | L14: Passed
A15: Lesson Manage
A16: TC-LM-001 | B16: Display the lesson list correctly | C16: 1. Open the dashboard. 2. Click Manage Content for C1. 3. Check the lesson table. | D16: Lesson List opens for C1. Columns #, Module, Lesson Title and Action show the correct lessons, with Edit and Delete actions. | E16: The Expert is logged in; C1 has modules and lessons. | F16: Passed | I16: Passed | L16: Passed
A17: TC-LM-002 | B17: Open the correct lesson for editing | C17: 1. Open C1 Lesson List. 2. Click Edit for L1. | D17: Lesson Detail opens and displays the Module, Lesson Title, Content and Order Index belonging to L1. | E17: L1 exists in C1 with known values. | F17: Passed | I17: Passed | L17: Passed
A18: TC-LM-003 | B18: Open the create-lesson form | C18: 1. Open C1 Lesson List. 2. Click Create Lesson. | D18: A new Lesson Detail form opens. Title and Content are empty; modules belong to C1; Order Index initially displays 1. | E18: The Expert is logged in; C1 has at least one module. | F18: Passed | I18: Failed | L18: Passed
A19: TC-LM-004 | B19: Delete a lesson after confirmation | C19: 1. Open C1 Lesson List. 2. Click Delete for the disposable lesson. 3. Confirm deletion. 4. Refresh the list. | D19: The selected lesson disappears and remains absent after refresh. Other lessons remain unchanged. | E19: A disposable lesson exists in C1. | F19: Passed | I19: Passed | L19: Passed
A20: TC-LM-005 | B20: Cancel lesson deletion | C20: 1. Open C1 Lesson List. 2. Click Delete for L1. 3. Choose Cancel in the confirmation dialog. 4. Refresh the list. | D20: L1 remains in the lesson list and is unchanged. | E20: L1 exists in C1. | F20: Passed | I20: Passed | L20: Passed
A21: Lesson Detail
A22: TC-LD-001 | B22: Display existing lesson details correctly | C22: 1. Open Edit for L1. 2. Check Module, Lesson Title, Content and Order Index. | D22: All four fields display the saved values of L1. Save, Cancel and Quay lại are visible. | E22: L1 exists in C1 with known values. | F22: Passed | I22: Pending | L22: Pending
A23: TC-LD-002 | B23: Create a lesson with all required fields | C23: 1. Open Create Lesson for C1. 2. Select M0. 3. Enter title=New Test Lesson, content=Test lesson content and Order Index=1. 4. Click Save. 5. Reopen the new lesson from the list. | D23: The new lesson appears under M0. Reopening shows the submitted title, content, module and order index. | E23: M0 belongs to C1; use a unique title for this run. | F23: Passed | I23: Passed | L23: Passed
A24: TC-LD-003 | B24: Save changes to an existing lesson | C24: 1. Open Edit for L1. 2. Change the title and content; keep a valid module and Order Index. 3. Click Save. 4. Reopen L1 from the list. | D24: The updated values are displayed. The existing lesson is updated without creating a duplicate. | E24: L1 exists; record its original values before editing. | F24: Passed | I24: Passed | L24: Passed
A25: TC-LD-004 | B25: Leave Module unselected | C25: 1. Open Create Lesson. 2. Leave Module at its placeholder. 3. Enter valid Title, Content and Order Index. 4. Click Save. | D25: Browser validation requires a Module. The form is not submitted and no lesson is created. | E25: Create form open; normal browser validation enabled. | F25: Passed | I25: Passed | L25: Passed
A26: TC-LD-005 | B26: Leave Lesson Title empty | C26: 1. Open Create Lesson. 2. Select a valid Module and enter Content and Order Index. 3. Leave Lesson Title empty. 4. Click Save. | D26: Browser validation requires a Lesson Title. The form is not submitted and no lesson is created. | E26: Create form open; normal browser validation enabled. | F26: Failed | I26: Failed | L26: Passed
A27: TC-LD-006 | B27: Leave Content empty | C27: 1. Open Create Lesson. 2. Select a valid Module and enter Title and Order Index. 3. Leave Content empty. 4. Click Save. | D27: Browser validation requires Content. The form is not submitted and no lesson is created. | E27: Create form open; normal browser validation enabled. | F27: Passed | I27: Passed | L27: Passed
A28: TC-LD-007 | B28: Update Order Index automatically when selecting a module | C28: 1. Open Create Lesson. 2. Select empty M0. 3. Select M1 containing lesson indexes 1 and 3. 4. Select M0 again. | D28: Order Index becomes 1 for M0, 4 for M1, then 1 again for M0. | E28: M0 is empty; M1 indexes are 1 and 3. New lesson ID is blank. | F28: Passed | I28: Passed | L28: Passed
A29: TC-LD-008 | B29: Accept Order Index equal to 1 | C29: 1. Open Create Lesson and fill Module, Title and Content. 2. Set Order Index=1. 3. Click Save and reopen the lesson. | D29: Save succeeds. The lesson appears in the list and its Order Index is 1 when reopened. | E29: Valid required fields; use a disposable lesson title. | F29: Passed | I29: Passed | L29: Passed
A30: TC-LD-009 | B30: Reject zero and negative Order Index values | C30: 1. Open Create Lesson and fill all required fields. 2. Set Order Index=0 and click Save. 3. Repeat with Order Index=-1. | D30: Browser min=1 validation blocks both submissions. No lesson is created by either attempt. | E30: Normal browser validation enabled. Test the two values separately. | F30: Passed | I30: Passed | L30: Passed
A31: TC-LD-010 | B31: Use the default when Order Index is blank | C31: 1. Open Create Lesson and fill Module, Title and Content. 2. Clear Order Index. 3. Click Save and reopen the lesson. | D31: Save succeeds. The saved Order Index is 1 because the servlet defaults a blank value to 1. | E31: Valid required fields; Order Index is optional in the current form. | F31: Passed | I31: Passed | L31: Passed

Sheet Admin dashboard & Course listsd
A2: Feature | B2: Admin dashboard & Course Lists & details | S2: Passed
A3: Test requirement | S3: Failed
A4: Number of TCs | B4: =COUNTA(A12:A998) -> 16 | S4: Pending
A5: Testing Round | B5: Passed | C5: Failed | D5: Pending | E5: N/A | S5: N/A
A6: Round 1 | B6: =COUNTIF($F10:$F996,B5) -> 9 | C6: =COUNTIF($F10:$F996,C5) -> 5 | D6: =COUNTIF($F10:$F996,D5) -> 0 | E6: =COUNTIF($F10:$F996,E5) -> 0
A7: Round 2 | B7: =COUNTIF($F10:$F996,B5) -> 9 | C7: =COUNTIF($F10:$F996,C5) -> 5 | D7: =COUNTIF($F10:$F996,D5) -> 0 | E7: =COUNTIF($F10:$F996,E5) -> 0
A8: Round 3 | B8: =COUNTIF($F10:$F996,B5) -> 9 | C8: =COUNTIF($F10:$F996,C5) -> 5 | D8: =COUNTIF($F10:$F996,D5) -> 0 | E8: =COUNTIF($F10:$F996,E5) -> 0
A10: Test Case ID | B10: Test Case Description | C10: Test Case Procedure | D10: Expected Results | E10: Pre-conditions | F10: Round 1 | G10: Test date | H10: Tester | I10: Round 2 | J10: Test date | K10: Tester | L10: Round 3 | M10: Test date | N10: Tester | O10: Defect IDs | P10: Note
A11: Admin Dashboard
A12: TC-AD-001 | B12: Display the Admin Dashboard correctly | C12: 1. Log in as Admin. 2. Navigate to /admin/users. 3. Check headers, rows, and pagination. | D12: User list displays columns: Account/Username, Email, Role, Status, and Action ("Edit"). Role badges, status badges, and action buttons render correctly. | E12: Admin/Manager account exists and is logged in. | F12: Passed | I12: Failed | L12: Passed
A13: TC-AD-002 | B13: Restrict access to Admin Dashboard for unauthenticated user (Guest) | C13: 1. Open the page containing Java Web. 2. Enter java in Search courses. 3. Clear the search field.1. Ensure user is not logged in. 2. Attempt to open /admin/dashboard directly in browse | D13: The system redirects user to /auth/login?redirect_uri=/admin/dashboard. No dashboard data is exposed. | E13: User is logged out (clear session/cookies). | F13: Failed | I13: Failed | L13: Passed
A14: TC-AD-003 | B14: Filter metrics by Date Range | C14: 1. Open /admin/dashboard. 2. Select "Last 7 Days" from the Date Range dropdown. | D14: The page submits with ?dateRange=week and metric cards update to reflect activities from the last 7 days. | E14: Admin is logged in. | F14: Failed | I14: Passed | L14: Passed
A15: TC-AD-004 | B15: Navigate to User Management from metric card | C15: 1. Open /admin/dashboard. 2. Click the "TOTAL USERS" metric card. | D15: Browser navigates to /admin/users (User Management screen). | E15: Admin is logged in. | F15: Failed | I15: Passed | L15: Passed
A16: User List
A17: TC-UL-001 | B17: Display User List with table and pagination | C17: 1. Log in as Admin. 2. Open /admin/users. 3. Check table columns, user rows, and pagination controls. | D17: User list displays columns: Account/Username, Email, Role, Status, and Action ("Edit"). Role badges, status badges, and action buttons render correctly. | E17: Admin is logged in; users exist in DB. | F17: Failed | I17: Failed | L17: Passed
A18: TC-UL-002 | B18: Search users by keyword | C18: 1. Open /admin/users. 2. Enter a keyword (e.g. admin) in the search box. 3. Click "Filter". | D18: The table filters and displays only users whose username or email contains the keyword. | E18: Admin is logged in; matching users exist in DB. | F18: Passed | I18: Passed | L18: Passed
A19: TC-UL-003 | B19: Filter users by Role and Status | C19: 1. Open /admin/users. 2. Select a Role and choose Status "Active". 3. Click "Filter". | D19: Only users matching both the selected role and active status are shown (AND condition). URL retains query parameters. | E19: Admin is logged in; matching users exist in DB. | F19: Failed | I19: Failed | L19: Passed
A20: TC-UL-004 | B20: Search with non-matching keyword | C20: 1. Open /admin/users. 2. Enter zzzz_no_match_user in the search box. 3. Click "Filter". | D20: Table displays empty state: "No matching users found" with a link to reset filters. No rows are displayed. | E20: No user matches the keyword. | F20: Passed | I20: Passed | L20: Passed
A21: TC-UL-005 | B21: Navigate to User Detail via 'Edit' button | C21: 1. Open /admin/user-detail?id={valid_userId}. 2. Check page title and all input fields. | D21: Browser opens /admin/user-detail?id={U1.id} with U1's details pre-filled in the form. | E21: User U1 exists in DB. | F21: Passed | I21: Failed | L21: Passed
A22: User Details
A23: TC-UD-001 | B23: Display existing user details correctly | C23: 1. Open /admin/user-detail?id={valid_userId}. 2. Check page title and all input fields.. | D23: Page displays "Update User". Username, Email, Role, and Status fields show current values. Password field is blank for optional password update | E23: User exists in DB with known data. | F23: Passed | I23: Passed | L23: Passed
A24: TC-UD-002 | B24: Update user profile information successfully | C24: 1. Open /admin/user-detail?id={valid_userId}. 2. Modify username, valid email, and role. 3. Click "Save". 4. Reopen the user from /admin/users. | D24: System saves changes to database and redirects with success indicator. The updated values are displayed correctly. | E24: User exists in DB; new email is not a duplicate. | F24: Passed | I24: Passed | L24: Passed
A25: TC-UD-003 | B25: Reject form submission when required fields are empty | C25: 1. Open /admin/user-detail?id={valid_userId}. 2. Clear the Username or Email field. 3. Click "Save". | D25: HTML5 browser validation prevents form submission and prompts user to fill out the required field. No update request is sent to DB. | E25: User detail form open; browser validation enabled. | F25: Passed | I25: Passed | L25: Passed
A26: TC-UD-004 | B26: Update user status between Active and Inactive | C26: 1. Open /admin/user-detail?id={valid_userId} of an active user. 2. Change Status dropdown to "Inactive". 3. Click "Save". 4. Check user in /admin/users. | D26: User status updates to inactive in DB. User List displays the Inactive badge for this user. | E26: User exists with active status. | F26: Passed | I26: Passed | L26: Passed
A27: TC-UD-005 | B27: Cancel editing and return to User List | C27: 1. Open /admin/user-detail?id={valid_userId}. 2. Modify form fields. 3. Click "Cancel". | D27: Browser navigates back to /admin/users without saving any changes to DB. | E27: User exists in DB. | F27: Passed | I27: Passed | L27: Passed

Sheet Course Browsing
A2: Feature | B2: Course Browsing & Registration
A3: Test requirement | B3: Verify the course list (/courses), course details, and course registration checkout (/enrollment).
A4: Number of TCs | B4: =COUNTA(A12:A17,A19:A24,A26:A35) -> 22
A5: Testing Round | B5: Passed | C5: Failed | D5: Pending | E5: N/A
A6: Round 1 | B6: =COUNTIF($F$12:$F$35,B$5) -> 20 | C6: =COUNTIF($F$12:$F$35,C$5) -> 1 | D6: =COUNTIF($F$12:$F$35,D$5) -> 1 | E6: =COUNTIF($F$12:$F$35,E$5) -> 0
A7: Round 2 | B7: =COUNTIF($I$12:$I$35,B$5) -> 5 | C7: =COUNTIF($I$12:$I$35,C$5) -> 3 | D7: =COUNTIF($I$12:$I$35,D$5) -> 14 | E7: =COUNTIF($I$12:$I$35,E$5) -> 0
A8: Round 3 | B8: =COUNTIF($L$12:$L$35,B$5) -> 8 | C8: =COUNTIF($L$12:$L$35,C$5) -> 0 | D8: =COUNTIF($L$12:$L$35,D$5) -> 14 | E8: =COUNTIF($L$12:$L$35,E$5) -> 0
A10: Test Case ID | B10: Test Case Description | C10: Test Case Procedure | D10: Expected Results | E10: Pre-conditions | F10: Round 1 | G10: Test date | H10: Tester | I10: Round 2 | J10: Test date | K10: Tester | L10: Round 3 | M10: Test date | N10: Tester | O10: Defect IDs | P10: Note
A11: Public Course List (/courses)
A12: TC-PCL-01 | B12: View the default course list | C12: 1. Open a browser. 2. Go to http://localhost:8080/learnhub/courses. | D12: The page displays the title, search field, category dropdown, and all 8 published courses. Draft Course 9 (Pentest) is not displayed. | E12: Run seed.sql. The database contains 8 published courses and 1 draft course. | F12: Passed | G12: 46122 | H12: HuyLDA | I12: Pending | L12: Pending | P12: All 8 course cards are displayed correctly.
A13: TC-PCL-02 | B13: Search for courses by keyword | C13: 1. Enter Java in the search field. 2. Click the search button. | D13: Only the advanced Java Web course covering Jakarta EE, Servlet, JSP, and MVC is displayed. The search field retains Java. | E13: Test data: keyword = "Java". | F13: Passed | G13: 46122 | H13: HuyLDA | I13: Pending | L13: Pending | P13: The LIKE query in CourseDAO works correctly.
A14: TC-PCL-03 | B14: Search with a keyword that has no matches | C14: 1. Enter XYZ9999 in the search field. 2. Click the search button. | D14: A message indicates that no matching courses were found. No blank page or HTTP 500 error occurs. | E14: Test data: keyword = "XYZ9999". | F14: Passed | G14: 46122 | H14: HuyLDA | I14: Pending | L14: Pending | P14: The empty state is displayed correctly.
A15: TC-PCL-04 | B15: Filter courses by category | C15: 1. Select the database and SQL category in the category dropdown. 2. Click the search button. | D15: Only the PostgreSQL course covering database design and query optimization is displayed. The selected category is retained. | E15: Test data: categoryId = b0000000-0000-0000-0000-000000000002 (database). | F15: Passed | G15: 46122 | H15: HuyLDA | I15: Pending | L15: Pending | P15: The categoryId parameter is mapped correctly.
A16: TC-PCL-05 | B16: Reset the search filters | C16: 1. Open the course list with active search filters. 2. Click the reset button. | D16: The URL returns to /courses. The search field is cleared, the category returns to all categories, and all 8 published courses are displayed. | E16: Search parameters are present in the URL. | F16: Passed | G16: 46122 | H16: HuyLDA | I16: Pending | L16: Pending | P16: The reset link works correctly.
A17: TC-PCL-06 | B17: Navigate between pages of courses | C17: 1. Go to /courses. 2. Check the pagination controls below the course list. 3. Click another page number when available. | D17: When the published course count exceeds pageSize (currently 9), page buttons appear and selecting a page displays its courses. | E17: The seed database contains 8 published courses, fewer than pageSize (9). | F17: Pending | I17: Pending | L17: Pending | P17: Pending: add published courses or set pageSize to 6 to make a second page available.
A18: Public Course Detail (/courses?action=detail&id=...)
A19: TC-PCD-01 | B19: View details of a valid course | C19: 1. Select the Java Web course from the home page or course list. | D19: The browser opens /courses?action=detail&id=d0000000-0000-0000-0000-000000000001. The page shows a price of VND 699,000, 3 modules, 7 lessons, and instructor expert. | E19: The Java Web course exists in the database. | F19: Passed | G19: 46122 | H19: HuyLDA | I19: Pending | L19: Pending | P19: The complete curriculum is displayed.
A20: TC-PCD-02 | B20: Open course details with a nonexistent ID | C20: 1. Go to /courses?action=detail&id=00000000-0000-0000-0000-000000000099. | D20: The system handles the missing course safely and redirects to /courses without a server crash. | E20: The specified course ID does not exist in the database. | F20: Passed | G20: 46122 | H20: HuyLDA | I20: Pending | L20: Pending | P20: The servlet handles the null result and redirects safely.
A21: TC-PCD-03 | B21: Expand and collapse curriculum modules | C21: 1. Open the course curriculum section. 2. Click the headers of Module 1 and Module 2 to expand and collapse them. | D21: The lesson lists expand and collapse smoothly. Each arrow changes orientation to match the module state. | E21: The course contains modules. | F21: Passed | G21: 46122 | H21: HuyLDA | I21: Pending | L21: Pending | P21: The JavaScript toggle works correctly.
A22: TC-PCD-04 | B22: Register for a course as a guest | C22: 1. Use a browser session without signing in. 2. Open the details of Course 1. 3. Click the course registration button. | D22: The browser redirects to /auth/login?error=must_login&redirect_uri=.... The return URL is retained for navigation after login. | E22: No user is signed in. The session has no authenticated user. | F22: Passed | G22: 46122 | H22: HuyLDA | I22: Pending | L22: Pending | P22: The login redirect flow works correctly.
A23: TC-PCD-05 | B23: View the course action after purchasing | C23: 1. Sign in with student / 123456. 2. Open the details of Course 1 (Java Web). 3. Click the start learning button. | D23: A green start learning button is displayed. Clicking it opens /learning-process?courseId=.... | E23: The student account has a paid record for Course 1 in the registration table. | F23: Passed | G23: 46122 | H23: HuyLDA | I23: Pending | L23: Pending | P23: The paid-status check was fixed previously and works correctly.
A24: TC-PCD-06 | B24: View the course action before purchasing | C24: 1. Sign in with student / 123456. 2. Open the details of Course 3 (Spring Boot 3). 3. Click the course registration button. | D24: A course registration button is displayed. Clicking it opens /enrollment?courseId=d0000000-0000-0000-0000-000000000003. | E24: The student account has not purchased Course 3. | F24: Passed | G24: 46122 | H24: HuyLDA | I24: Pending | L24: Pending | P24: Navigation to checkout works correctly.
A25: Course Checkout (/enrollment?courseId=...)
A26: TC-CHK-01 | B26: Block guest access to checkout | C26: 1. Use a browser session without signing in. 2. Go to /enrollment?courseId=d0000000-0000-0000-0000-000000000002. | D26: Access is blocked and the browser redirects to the login page at /auth/login?error=must_login.... | E26: No user is signed in (guest access). | F26: Passed | G26: 46122 | H26: HuyLDA | I26: Pending | L26: Pending | P26: Access is blocked by the servlet filter or session check.
A27: TC-CHK-02 | B27: Block checkout for non-student accounts | C27: 1. Sign in with admin / 123456 or an expert account. 2. Open /enrollment?courseId=... for a course. | D27: A yellow warning states that the current account is not a student account. Payment form submission is blocked. | E27: An administrator or expert is signed in. | F27: Passed | G27: 46122 | H27: HuyLDA | I27: Passed | L27: Passed | P27: Role validation works correctly.
A28: TC-CHK-03 | B28: Display the student's order information | C28: 1. Sign in with student / 123456. 2. Open checkout for Course 3 (Spring Boot 3). | D28: The order shows username student, email student@learnhub.com, the course name, a price of VND 890,000, and a total of VND 890,000. | E28: A valid student is signed in. The selected course requires payment. | F28: Passed | G28: 46122 | H28: HuyLDA | I28: Failed | L28: Passed | P28: Data is bound to the JSP correctly.
A29: TC-CHK-04 | B29: Display VNPay and SePay payment methods | C29: 1. Open checkout for Course 3. 2. Inspect the payment method section. | D29: Exactly two payment cards are displayed: VNPAY-QR and SEPAY / VIETQR. No other payment methods are shown. | E29: The selected course requires payment. | F29: Passed | G29: 46122 | H29: HuyLDA | I29: Failed | L29: Passed | P29: The service correctly returns the two supported gateways.
A30: TC-CHK-05 | B30: Switch between payment gateways | C30: 1. Select the VNPay payment card. 2. Select the SePay payment card. | D30: The radio button reflects the selected gateway. The selected card has a dark blue border (border-brand-700). | E30: The checkout page is open. | F30: Passed | G30: 46122 | H30: HuyLDA | I30: Pending | L30: Pending | P30: The JavaScript change event updates the card styles correctly.
A31: TC-CHK-06 | B31: Return from checkout to course details | C31: 1. Open the checkout page. 2. Click the link to return to course details. | D31: The browser opens /courses?action=detail&id=... for the current course. | E31: The checkout page is open. | F31: Passed | G31: 46122 | H31: HuyLDA | I31: Passed | L31: Passed | P31: The link points to the correct course detail URL.
A32: TC-CHK-07 | B32: Register for a free course | C32: 1. Open checkout for a course priced at VND 0. 2. Click the registration confirmation button. | D32: The checkout section displays a free-course badge. No payment gateway is required, and immediate enrollment is allowed. | E32: The JSP/servlet has a price <= 0 branch, but the database currently has no free course. | F32: Passed | G32: 46122 | H32: HuyLDA | I32: Failed | L32: Passed | P32: Pending: add a sample free course to seed.sql before executing this test.
A33: TC-CHK-08 | B33: Continue to an online payment gateway | C33: 1. Select VNPay or SePay. 2. Click the payment confirmation button. | D33: The system redirects to VNPay Sandbox or displays a dynamic SePay VietQR code for payment. | E33: VNPay Sandbox SDK/API and SePay webhook integration are not yet implemented. Submission currently saves a pending registration and returns to the dashboard. | F33: Passed | G33: 46122 | H33: HuyLDA | I33: Passed | L33: Passed | P33: Pending: VNPay Sandbox API and SePay webhook integration are planned for the next sprint.
A34: TC-CHK-09 | B34: Submit checkout with an empty phone number | C34: 1. Sign in as student. 2. Open the checkout page for a course. 3. Leave the contact phone number empty. 4. Click the payment confirmation button. | D34: Form submission is blocked. The phone field has a red border, an error requests a contact phone number, and focus moves to the phone field. | E34: The contact phone field is empty (phone = ""). | F34: Failed | G34: 46122 | H34: HuyLDA | I34: Passed | L34: Passed | P34: Submission is blocked by both client-side JavaScript and the servlet.
A35: TC-CHK-10 | B35: Enter letters or special characters in the phone field | C35: 1. Focus the contact phone field. 2. Type letters, such as ytrthrgrhtherth, or special characters, such as @#$%. | D35: Non-digit characters are removed immediately. Only numeric characters remain in the field. | E35: Test data: ytrthrgrhtherth and @#$%. | F35: Passed | G35: 46122 | H35: HuyLDA | I35: Passed | L35: Passed | P35: The input event applies the [^0-9] regular expression.

Sheet Quiz&Question Management
A2: Feature | B2: Quiz & Question Management | S2: Passed
A3: Test requirement | B3: Kiểm thử toàn bộ chức năng quản lý Quiz và Question của Expert, bao gồm xem danh sách, tìm kiếm/lọc, tạo, sửa, xóa Quiz; tạo, sửa, xóa Question; quản lý Answer Options; validation dữ liệu; lựa chọn Question cho Quiz và kiểm tra quyền truy cập. | S3: Failed
A4: Number of TCs | B4: =COUNTA(A12:A1009) -> 23 | S4: Pending
A5: Testing Round | B5: Passed | C5: Failed | D5: Pending | E5: N/A | S5: N/A
A6: Round 1 | B6: =COUNTIF($F10:$F1007,B5) -> 17 | C6: =COUNTIF($F10:$F1007,C5) -> 3 | D6: =COUNTIF($F10:$F1007,D5) -> 0 | E6: =COUNTIF($F10:$F1007,E5) -> 0
A7: Round 2 | B7: =COUNTIF($F10:$F1007,B5) -> 17 | C7: =COUNTIF($F10:$F1007,C5) -> 3 | D7: =COUNTIF($F10:$F1007,D5) -> 0 | E7: =COUNTIF($F10:$F1007,E5) -> 0
A8: Round 3 | B8: =COUNTIF($F10:$F1007,B5) -> 17 | C8: =COUNTIF($F10:$F1007,C5) -> 3 | D8: =COUNTIF($F10:$F1007,D5) -> 0 | E8: =COUNTIF($F10:$F1007,E5) -> 0
A10: Test Case ID | B10: Test Case Description | C10: Test Case Procedure | D10: Expected Results | E10: Pre-conditions | F10: Round 1 | G10: Test date | H10: Tester | I10: Round 2 | J10: Test date | K10: Tester | L10: Round 3 | M10: Test date | N10: Tester | O10: Defect IDs | P10: Note
A11: Quiz List
A12: TC-QM-QL-001 | B12: Display the Quiz List correctly | C12: 1. Login with an Expert account. 2. Open Expert Dashboard. 3. Select a course assigned to the Expert. 4. Click Quiz in the management sidebar. 5. Observe the Quiz List. | D12: Quiz List is displayed successfully. Each quiz row shows: - No. - Module - Quiz Title - Questions - Time - Pass Score - Edit - Delete The seeded quizzes belonging to the selected course are displayed correctly. | E12: Expert account is logged in. The Expert has at least one assigned course containing quizzes. Database is seeded. | F12: Passed | I12: Passed | L12: Passed
A13: TC-QM-QL-002 | B13: Verify quiz information displayed in the list | C13: 1. Open Quiz List. 2. Locate the seeded quiz "Quiz Ôn tập: Vòng đời Servlet & Xử lý HTTP Request". 3. Check its Module, Questions, Time and Pass Score. | D13: The quiz is displayed under the correct module. Questions = 3. Time = 15 min. Pass Score = 5.0. The displayed information matches the database. | E13: Seed data is loaded. Quiz ID 10000000-0000-0000-0000-000000000001 exists. | F13: Passed | I13: Passed | L13: Passed
A14: TC-QM-QL-003 | B14: Search quizzes using a matching keyword | C14: 1. Open Quiz List. 2. Enter "Servlet" into Search quiz. 3. Click Search. | D14: Only quizzes whose title contains "Servlet" are displayed. The matching quiz "Quiz Ôn tập: Vòng đời Servlet & Xử lý HTTP Request" is displayed. The keyword remains in the search input. | E14: At least one quiz title contains "Servlet". | F14: Failed | I14: Passed | L14: Passed
A15: TC-QM-QL-004 | B15: Search quizzes using a non-existing keyword | C15: 1. Open Quiz List. 2. Enter "XYZ9999" into Search quiz. 3. Click Search. | D15: No matching quiz is displayed. The page remains usable. No HTTP 500 error occurs. The empty-list message is displayed. | E15: No quiz title contains "XYZ9999". | F15: Passed | I15: Passed | L15: Passed
A16: TC-QM-QL-005 | B16: Filter quizzes by module | C16: 1. Open Quiz List. 2. Select "Chương 1: Tổng quan HTTP & Vòng đời Servlet". 3. Click Search. | D16: Only quizzes belonging to the selected module are displayed. Quiz belonging to other modules is not displayed. The selected module remains selected after searching. | E16: The selected course has multiple modules. At least one quiz belongs to the selected module. | F16: Passed | I16: Failed | L16: Passed
A17: TC-QM-QL-006 | B17: Search quizzes using both keyword and module filter | C17: 1. Enter "Quiz" in Search quiz. 2. Select a specific module. 3. Click Search. | D17: Only quizzes satisfying both conditions are displayed: - title matches the keyword; - quiz belongs to the selected module. | E17: Expert account is logged in. The selected course contains multiple modules and quizzes. At least one quiz satisfies both the selected module and search keyword. | F17: Passed | I17: Passed | L17: Passed
A18: TC-QM-QL-010 | B18: Delete a quiz after confirmation | C18: 1. Open Quiz List. 2. Click Delete on a disposable quiz. 3. Confirm the deletion. 4. Refresh the Quiz List. | D18: The quiz is removed from the list. The quiz remains absent after refresh. Other quizzes are unchanged. | E18: A disposable quiz exists. The quiz is not referenced by data that prevents deletion. | F18: Passed | I18: Passed | L18: Passed
A19: Quiz Detail
A20: TC-QM-QD-001 | B20: Display existing quiz details correctly | C20: 1. Open Quiz List. 2. Click Edit for Quiz 1. 3. Check all fields. | D20: Quiz Detail displays the saved information of Quiz 1: - Quiz Name - Module - Time Limit - Pass Score - Selected Questions All values match the database. | E20: Expert account is logged in. An existing quiz belongs to a course accessible by the Expert. The quiz contains valid saved data. | F20: Passed | I20: Passed | L20: Passed
A21: TC-QM-QD-002 | B21: Create a quiz with valid information | C21: 1. Open Create Quiz. 2. Enter Quiz Name = "Integration Test Quiz". 3. Select Module 1. 4. Enter Time Limit = 15. 5. Enter Pass Score = 5.0. 6. Select Question 1. 7. Select Question 2. 8. Click Save Quiz. | D21: Quiz is saved successfully. The system redirects to Quiz List. "Quiz saved successfully." is displayed. The new quiz appears in the list. Question count is 2. | E21: Expert owns the selected module. At least two questions exist in Question Bank. Use a disposable quiz name. | F21: Failed | I21: Passed | L21: Passed
A22: TC-QM-QD-003 | B22: Validate empty Quiz Name | C22: 1. Open Create Quiz. 2. Leave Quiz Name empty. 3. Select a valid Module. 4. Enter valid Time Limit and Pass Score. 5. Click Save Quiz. | D22: Browser validation prevents form submission. The quiz is not created. | E22: Expert account is logged in. The Create Quiz form is displayed. A valid module, time limit and pass score can be entered. | F22: Passed | I22: Passed | L22: Passed
A23: Question List
A24: TC-QM-QLIST-001 | B24: Display the Question List correctly | C24: 1. Login as Expert. 2. Open Question Bank. 3. Observe the question table. | D24: Question List is displayed successfully. Each row shows: - No. - Question - Type - Options - Edit - Delete. Seeded questions are displayed. | E24: Expert account is logged in. The Expert has access to the Question Bank. At least one question exists in the database. | F24: Passed | I24: Passed | L24: Passed
A25: TC-QM-QLIST-002 | B25: Search questions using a matching keyword | C25: 1. Enter "Servlet" into Search question content. 2. Click Search. | D25: Only questions containing "Servlet" are displayed. Non-matching questions are hidden. The keyword remains in the search field. | E25: Expert account is logged in. The Question List is accessible. At least one question contains the keyword "Servlet". | F25: Passed | I25: Passed | L25: Passed
A26: TC-QM-QLIST-003 | B26: Search questions with no matching result | C26: 1. Enter "XYZ9999" into Search question content. 2. Click Search. | D26: No question is displayed. "No questions found." is displayed. No HTTP 500 error occurs. | E26: Expert account is logged in. The Question List is accessible. No question content contains "XYZ9999". | F26: Failed | I26: Passed | L26: Passed
A27: TC-QM-QLIST-004 | B27: Filter questions by Single Choice type | C27: 1. Open Question List. 2. Select "Single choice". 3. Click Search. | D27: Only questions with type "single_choice" are displayed. Questions of other types are not displayed. | E27: Expert account is logged in. The Question List is accessible. At least one Single Choice question exists. | F27: Passed | I27: Passed | L27: Passed
A28: TC-QM-QLIST-008 | B28: Open Create Question | C28: 1. Open Question List. 2. Click Create Question. | D28: Question Detail - Create is displayed. Question Content is empty. Question Type defaults to Single Choice. Two initial answer-option rows are displayed. No existing question data is loaded. | E28: Expert account is logged in. The Expert has permission to create questions. The Question List is accessible. | F28: Passed | I28: Passed | L28: Passed
A29: Question Detail
A30: TC-QM-QDETAIL-001 | B30: Display existing question details correctly | C30: 1. Open Question List. 2. Click Edit for Question 1. 3. Check Question Content. 4. Check Question Type. 5. Check all Answer Options. 6. Check the correct answer. | D30: All saved question information is displayed correctly. Question 1 is Single Choice. Four answer options are displayed. Only "init(ServletConfig config)" is marked as correct. | E30: Expert account is logged in. An existing question is available. The question has saved answer options and a correct answer. | F30: Passed | I30: Passed | L30: Passed
A31: TC-QM-QDETAIL-002 | B31: Create a valid Single Choice question | C31: 1. Open Create Question. 2. Enter Question Content = "Integration Test Single Choice Question". 3. Select Single Choice. 4. Enter four options: A = Option A B = Option B C = Option C D = Option D 5. Select Option A as correct. 6. Click Save Question. | D31: Question is saved successfully. The system redirects to Question List. The new question appears in the list. Type = single_choice. There are 4 options. Exactly one option is marked correct. | E31: Expert account is logged in. The Expert has permission to create questions. The Question Detail creation form is accessible. | F31: Passed | I31: Failed | L31: Passed
A32: TC-QM-QDETAIL-003 | B32: Create a valid Multiple Choice question | C32: 1. Open Create Question. 2. Enter valid Question Content. 3. Select Multiple Choice. 4. Enter four options. 5. Select Option A and Option C as correct. 6. Click Save Question. | D32: Question is saved successfully. Type = multiple_choice. Multiple correct answers are stored. Option A and Option C are marked correct. | E32: Expert account is logged in. The Expert has permission to create questions. The Question Detail creation form is accessible. | F32: Passed | I32: Passed | L32: Passed
A33: TC-QM-QDETAIL-004 | B33: Create a Text question | C33: 1. Open Create Question. 2. Enter valid Question Content. 3. Select Text. 4. Click Save Question. | D33: Question is saved successfully. Question type = text. Answer Options section is hidden. No answer option is required. | E33: Expert account is logged in. The Expert has permission to create questions. The Question Detail creation form is accessible. | F33: Passed | I33: Failed | L33: Passed
A34: TC-QM-QDETAIL-005 | B34: Validate empty Question Content | C34: 1. Open Create Question. 2. Leave Question Content empty. 3. Fill other required fields. 4. Click Save Question. | D34: Browser validation requires Question Content. The form is not submitted. No question is created. | E34: Expert account is logged in. The Question Detail creation form is accessible. | F34: Passed | I34: Passed | L34: Passed

Sheet SecurityTest
A1: Test Case ID | B1: Scenario Name | C1: Role / Session | D1: Coverage Technique | E1: Given | F1: When | G1: Then (Expected: HTTP Status / Visibility) | H1: Status | I1: Defect ID | J1: Notes
A2: TC-SEC-001 | B2: Internal note KHÔNG hiển thị cho Customer | C2: Customer (own order) | D2: Use Case Testing | E2: Order có internal note từ Staff | F2: GET /orders/{id} với session Customer | G2: HTML response KHÔNG chứa nội dung note ở bất kỳ đâu (kiểm tra page source, không chỉ UI) | H2: Not Run
A3: TC-SEC-002 | B3: Staff chỉ truy cập đơn được assign | C3: Staff (not assigned) | D3: Use Case Testing | E3: Order id=2 được assign cho Staff khác | F3: GET /staff/orders/2 với session staff_02 | G3: HTTP 403 Forbidden | H3: Not Run
A4: TC-SEC-003 | B4: Unauthenticated request đến protected URL | C4: (không có session) | D4: Error Guessing | E4: Không có session/cookie | F4: GET /staff/orders | G4: 302 redirect đến /login | H4: Not Run
A5: TC-SEC-004 | B5: Sai email/password → thông báo lỗi giống nhau | C5: (no session) | D5: Decision Table | E5: Không có account với email "x@y.com" | F5: POST /login với email không tồn tại / password sai | G5: Thông báo lỗi giống hệt nhau cho cả 2 trường hợp — không tiết lộ email tồn tại hay không | H5: Not Run
